Id,BIRTHDATE,DEATHDATE,SSN,DRIVERS,PASSPORT,PREFIX,FIRST,LAST,SUFFIX,MAIDEN,MARITAL,RACE,ETHNICITY,GENDER,BIRTHPLACE,ADDRESS,CITY,STATE,COUNTY,ZIP,LAT,LON,HEALTHCARE_EXPENSES,HEALTHCARE_COVERAGE,INCOME
ea8d6e32-326d-2ad1-8048-4b839d6b2e33,2025-03-30,,999-45-9433,,,,Chris95,,Koss676,,,,white,nonhispanic,F,Franklin  Massachusetts  US,125 Hayes Loaf Apt 58,Newton,Massachusetts,Middlesex County,25017,02464,42.39490569413839,-71.12952302015019,4842.04,798.11,163391
a6260782-ffe1-ed21-b581-57a3742a8f2f,2012-08-10,,999-99-2809,,,,Eleanor470,Patrick786,Hagenes547,,,,white,nonhispanic,F,Becket  Massachusetts  US,223 Jast Crossroad,Everett,Massachusetts,Middlesex County,25017,02149,42.46634448247418,-71.0331962774937,24881.03,6749.93,34010
ecd20ef2-7198-8f6b-fe7a-c6235edefdcf,1975-03-09,,999-60-7543,S99934747,X31054441X,Mrs.,Melva551,Ilana185,Ernser583,,Reichel38,M,white,nonhispanic,F,Braintree  Massachusetts  US,271 Kessler Way Suite 55,Chicopee,Massachusetts,Hampden County,25013,01022,42.16611223887643,-72.52896277572721,429123.45,315683.63,82648
0841f9b4-c2e1-f8fc-94b0-da29516af8f3,2003-11-20,,999-29-1879,S99919876,X64873346X,Ms.,Jean712,,Mante251,,,,white,nonhispanic,F,Braintree  Massachusetts  US,102 Abernathy Burg,Foxborough,Massachusetts,Norfolk County,25021,02035,42.09428318710677,-71.26175938238124,90258.97,110651.15,165149
84755066-1283-1eda-123e-f504f36f156e,1987-02-15,,999-86-9259,S99953919,X16902800X,Ms.,Vergie176,,Adams676,,,S,white,hispanic,F,Acushnet Center  Massachusetts  US,1069 Thiel Fork Suite 88,Hudson,Massachusetts,Middlesex County,25017,01749,42.39364105243769,-71.5781006478585,17159.70,1289045.73,1951
e960a921-926c-00c8-a4db-57ba4b1d760d,2010-03-24,,999-57-2901,S99923359,,,Roland928,Jc393,Ullrich385,,,,white,nonhispanic,M,Arlington  Massachusetts  US,826 Fritsch Gate Unit 77,North Attleborough,Massachusetts,Bristol County,,00000,41.933544614803004,-71.33006532033785,20560.69,15384.24,78078
805ade5a-7c26-22be-f6a7-53279c5fa8c5,1990-01-03,,999-96-2452,S99963360,X4568296X,Ms.,Antonietta855,Logan497,Feeney44,,,S,white,nonhispanic,F,Lynn  Massachusetts  US,546 Davis Mall Unit 43,Westford,Massachusetts,Middlesex County,,00000,42.5359309611639,-71.46669477421108,38181.26,612787.63,883041
2d8db525-cfc1-6729-8ee9-bfe7ad92f37f,1967-09-27,,999-81-8882,S99991724,X50017333X,Mr.,Douglas31,Felton646,Kris249,,,M,asian,nonhispanic,M,Chongqing  Chongqing Municipality  CN,613 Gleason Trailer,Fall River,Massachusetts,Bristol County,25005,02724,41.61626497264341,-71.04370994558735,10075.98,243672.38,15804
e3953628-11b4-6a09-1b09-0dce7710c1c6,2000-01-25,,999-78-5007,S99927423,X13973599X,Mr.,Hilton264,Phil587,Medhurst46,,,,white,nonhispanic,M,Leominster  Massachusetts  US,246 Durgan Lane,Worcester,Massachusetts,Worcester County,25027,01602,42.28560676456713,-71.80152548640106,44398.85,0.00,122594
88be9139-d726-5910-0783-1235ccab609f,2008-11-13,,999-81-5355,S99950066,,,Deon400,Emory494,Schinner682,,,,black,nonhispanic,M,Boston  Massachusetts  US,247 Boyer Walk Unit 69,Middleborough,Massachusetts,Plymouth County,,00000,41.92035041419419,-70.90281686856173,57511.49,0.00,69214
0578e550-d3f7-351e-4253-3461de29112b,1948-09-11,,999-71-9382,S99942027,X9243329X,Mrs.,Thora330,Marine542,Wiza601,,Kihn564,M,white,nonhispanic,F,Falmouth  Massachusetts  US,192 Boyer Camp,Danvers,Massachusetts,Essex County,25009,01923,42.5461753113726,-70.97319726485588,179898.73,975477.38,23795
49ce8924-c509-00b3-64db-ea66bce3bd08,1998-06-30,,999-66-8784,S99944358,X79004283X,Ms.,Patsy569,,Daugherty69,,,,white,nonhispanic,F,Haverhill  Massachusetts  US,445 Kilback Trailer Suite 76,Lawrence,Massachusetts,Essex County,25009,01843,42.72135777037215,-71.1315049399987,12505.84,1004721.73,4604
9d1a665e-7088-8dcb-f63c-50dbd6b95ee2,2001-08-30,,999-93-3739,S99979036,X17196563X,Mr.,Jackie93,Tad831,Lowe577,,,,asian,nonhispanic,M,Gardner  Massachusetts  US,959 Dach Fork Suite 93,Boston,Massachusetts,Suffolk County,25025,02131,42.30605985928681,-71.00467129866188,39288.48,54584.53,835644
1723b2a3-e53d-e6c4-fc14-1051cd13ea65,1951-12-22,2002-01-05,999-62-3686,S99971875,X19589381X,Mrs.,Marianela210,,Reinger292,,Romaguera67,M,white,nonhispanic,F,Framingham  Massachusetts  US,429 Parker Burg,Brockton,Massachusetts,Plymouth County,25023,02302,42.059903387093215,-70.97758335711985,13185.53,355313.21,1932
c2d5ca83-e782-f7d6-8a1e-439c5c12bf44,2001-05-13,,999-44-8727,S99958671,X69298848X,Ms.,Myong12,Rosalee63,Ernser583,,,,black,nonhispanic,F,Upton  Massachusetts  US,649 Mueller Lane Unit 53,Leominster,Massachusetts,Worcester County,25027,01420,42.61726786764619,-71.77979408152831,114355.44,111825.35,122597
8e67fb22-5c2c-d73b-b2c0-b4bb1cd95392,2024-11-27,,999-88-1301,,,,Frankie174,Bryan958,Zulauf375,,,,white,nonhispanic,M,Peabody  Massachusetts  US,1046 Kuhic Bypass,Barnstable,Massachusetts,Barnstable County,25001,02668,41.712977161529764,-70.29661675651619,300.00,4352.31,10267
2fb2fb60-aeff-a9a0-357e-116bc1e3fb43,2002-09-13,,999-48-5971,S99948954,X57991481X,Ms.,Blondell454,Cyrstal592,Dach178,,,,white,nonhispanic,F,Worcester  Massachusetts  US,483 Lockman Parade Suite 2,New Bedford,Massachusetts,Bristol County,25005,02747,41.65860501026046,-70.9453849398154,66274.90,152428.94,28834
97bca6c0-344c-e23c-2444-70a26da21fbd,2001-09-13,,999-85-1120,S99934033,X70062141X,Mr.,Ricardo560,Vicente970,Cortés936,,,,white,hispanic,M,San Jose  San Jose  CR,794 Reichel Route Apt 8,Boston,Massachusetts,Suffolk County,25025,02135,42.315994228391894,-71.13263659954508,75138.56,15178.00,149621
b7947c03-2e51-b85f-1304-cc9c943d059a,1980-06-25,,999-33-8350,S99937322,X50353828X,Mr.,Roberto515,Federico589,Cornejo190,,,S,white,hispanic,M,Port-au-Prince  Haiti  HT,465 Kirlin Corner,Nahant,Massachusetts,Essex County,25009,01908,42.404568028429246,-70.9539080688365,86816.99,26868.59,34903
200ea30b-9a87-1aa8-86b9-42e57e18c306,2012-04-06,,999-72-9677,,,,Marx778,Estell607,Friesen796,,,,white,nonhispanic,F,North Attleborough  Massachusetts  US,488 Kub Mews,Worcester,Massachusetts,Worcester County,25027,01610,42.3962591975455,-71.81945709515497,27414.71,180.57,129486
586880f2-222e-b9c8-a7b5-790d36a1dce5,1998-12-01,,999-38-4163,S99995826,X80323093X,Mr.,Leo278,Ray930,Mraz590,,,,black,nonhispanic,M,Spencer  Massachusetts  US,672 Stiedemann Vista,Leicester,Massachusetts,Worcester County,,00000,42.25738878365552,-71.86623008867222,67394.78,0.00,65706
2b811ea9-95fd-b1f0-85c7-8f4ea06981bc,1946-11-04,,999-96-8938,S99969559,X50632674X,Ms.,Annamarie398,Gladis186,Thiel172,,,S,white,nonhispanic,F,Lawrence  Massachusetts  US,469 Boyer Parade,New Bedford,Massachusetts,Bristol County,25005,02740,41.6279996019087,-70.94470908733948,639217.40,932300.07,46782
44bc7cbd-5b79-9841-30e3-f2cabbc7cba3,1997-06-13,,999-47-6155,S99998965,X71780425X,Mr.,Lauren941,Fermin479,Hammes673,,,M,white,nonhispanic,M,Abington  Massachusetts  US,138 Koss Row,Southborough,Massachusetts,Worcester County,,00000,42.27049163931386,-71.52190262059766,85425.49,17155.45,100455
bbccbbe2-6c7c-44b0-eff2-36c6942e343d,2020-07-02,,999-13-8672,,,,Al123,Byron202,Hegmann834,,,,white,nonhispanic,M,Quincy  Massachusetts  US,680 Hane Orchard,Wakefield,Massachusetts,Middlesex County,25009,01940,42.52461519230073,-71.02193975488431,15029.96,145.07,79344
873bd489-baae-5003-4932-d94104ace6f1,1977-10-01,,999-57-7448,S99936878,X76598428X,Mr.,Jeremiah751,Shelton25,Vandervort697,,,M,white,nonhispanic,M,Boston  Massachusetts  US,373 Kreiger Village,Franklin,Massachusetts,Norfolk County,25021,02038,42.12244411113327,-71.3646108265956,142128.75,20335.98,136626
602eb0cd-93e9-db90-7d45-0e78e39b7199,2004-08-31,,999-13-1975,S99983205,X39084620X,Mr.,Will178,Daren950,Williamson769,,,,white,nonhispanic,M,South Hadley  Massachusetts  US,976 Mitchell Heights Apt 86,Boston,Massachusetts,Suffolk County,25025,02121,42.29694034094245,-71.04954920883837,57563.90,1353.96,105329
286741ad-8998-99f5-32b8-9690631c181a,1946-07-14,,999-39-1232,S99981294,X67790418X,Ms.,Larry532,Randa356,Terry864,,,S,white,nonhispanic,F,Medford  Massachusetts  US,564 Walsh Crossing,Canton,Massachusetts,Norfolk County,,00000,42.192384972395146,-71.13864560575904,257395.30,480262.56,35046
89bcf585-775a-08b3-b4bb-6cfebde1788a,1949-07-15,,999-62-1724,S99925296,X47943057X,Mr.,Darin74,Antonia30,Bergstrom287,,,M,white,nonhispanic,M,Norton Center  Massachusetts  US,311 Schumm Burg,Worcester,Massachusetts,Worcester County,25027,01606,42.21344205220968,-71.85040991191322,223968.64,187770.56,79542
3acf2cd6-df8d-70e4-5568-563e9d14fdd7,1973-02-07,,999-50-1927,S99991000,X9680179X,Mrs.,Lexie163,Jeanelle736,Schamberger479,,Schneider199,M,white,nonhispanic,F,Oxford  Massachusetts  US,1068 Brakus Extension Unit 84,Chelmsford,Massachusetts,Middlesex County,,00000,42.60360560992295,-71.41425122282519,367346.13,367542.92,108573
1ed123fa-5d88-8b9c-be87-5e8a915a0e27,2005-09-30,,999-36-9165,S99932186,X23947256X,Ms.,Kiersten731,Johnette525,Kozey370,,,,white,nonhispanic,F,Natick  Massachusetts  US,700 Osinski Annex Suite 33,Hopkinton,Massachusetts,Middlesex County,25017,01748,42.20289225813283,-71.54222051209642,60204.21,8656.83,80462
a0b5937e-7c37-e26b-6828-5b17163dda63,1997-10-14,,999-57-6986,S99988379,X67378254X,Mrs.,Marcene673,,Rath779,,Wisozk929,M,white,nonhispanic,F,Boston  Massachusetts  US,565 Johns Center,Baldwinville,Massachusetts,Worcester County,25027,01436,42.62398412414507,-72.09234016888983,600809.94,389788.79,49680
eb727343-ca98-1c87-1a1e-5809a6ea9354,1966-08-30,,999-10-7076,S99925414,X14403385X,Ms.,Buffy238,Charissa38,Hilpert278,,,S,white,nonhispanic,F,Leyden  Massachusetts  US,229 Barton Frontage road,Swansea,Massachusetts,Bristol County,,00000,41.75688599731112,-71.21360318439524,772496.10,415374.82,46205
6c361c0e-8bb1-ddc6-0de9-38f488fd169e,1977-06-20,,999-54-7202,S99989287,X29705921X,Mr.,Roscoe437,,Runolfsdottir785,,,M,white,nonhispanic,M,Williamsburg  Massachusetts  US,866 Marquardt Fork Apt 15,Cambridge,Massachusetts,Middlesex County,25017,02138,42.38939501965276,-71.13655611273288,7727.32,157067.94,5754
bedd7092-e841-e070-e35d-1ef69c094450,1963-06-23,,999-74-8475,S99930436,X57904798X,Mrs.,Elana101,Juliane376,Moen819,,Farrell962,M,black,nonhispanic,F,Newton  Massachusetts  US,272 McDermott Ville Unit 62,Easton,Massachusetts,Bristol County,,00000,42.06832614424367,-71.10654600040861,330247.01,362879.80,133683
319d1dd9-e640-4d36-5c34-3936f3b81211,1986-06-06,,999-94-8931,S99937090,X40437117X,Ms.,Many655,Leonora414,Block661,,,S,white,nonhispanic,F,Dartmouth  Massachusetts  US,309 Breitenberg Boulevard Suite 83,Worcester,Massachusetts,Worcester County,25027,01583,42.288312788231444,-71.86668508507023,348416.58,427102.23,39120
90b8bbbc-2ec3-5141-d917-9815bbdef978,2015-07-26,,999-57-3918,,,,Tad831,Efrain317,Pagac496,,,,asian,hispanic,M,Barnstable  Massachusetts  US,305 Schroeder Vista,Westford,Massachusetts,Middlesex County,,00000,42.54857118841074,-71.40099317461983,29941.04,0.00,55597
2d86f6d5-b9f9-2e58-53da-611de4505b51,1969-03-14,,999-14-6637,S99911934,X9261434X,Mr.,Clay913,Rory188,Fahey393,,,M,asian,nonhispanic,M,Harwich  Massachusetts  US,692 Blick Hollow,Wrentham,Massachusetts,Norfolk County,,00000,42.05783019512545,-71.30705314020477,123755.70,130355.92,242153
844ae4f7-1e25-e1b8-c761-e7d79c661552,2009-03-26,,999-75-5831,S99978549,,,Ozzie259,Abdul218,Anderson154,,,,white,nonhispanic,M,Brockton  Massachusetts  US,812 Block Route Apt 19,Quincy,Massachusetts,Norfolk County,25021,02186,42.25758046744457,-70.9570171384775,27648.91,9592.38,52683
a8e38b40-f0c3-85d2-1db7-9c1b9a277bc8,1985-05-31,,999-88-3431,S99961033,X72089309X,Mr.,Mitch821,Cruz300,Strosin214,,,M,white,hispanic,M,Marblehead  Massachusetts  US,230 Bradtke Camp Apt 97,Rowley,Massachusetts,Essex County,25009,01969,42.753725917343246,-70.89089089486637,80548.62,1272.62,111098
4534188c-87c7-c31a-ba78-ddc684b2e39d,1951-12-22,,999-50-1899,S99936168,X83462466X,Mrs.,Theresia791,Lucile200,Langosh790,,Morissette863,M,white,nonhispanic,F,Southbridge  Massachusetts  US,500 Johnston Rapid,Brockton,Massachusetts,Plymouth County,25023,02301,42.12396719983815,-70.96035641609524,26718.81,1452800.09,1932
625a1e25-2a86-2ce1-e603-3daf4cb00585,2011-10-15,,999-52-4640,,,,Marin763,Margot418,Fay398,,,,white,nonhispanic,F,Lynn  Massachusetts  US,669 Heaney Fort,Sandwich,Massachusetts,Barnstable County,25001,02563,41.678029739953345,-70.47649038854706,33804.05,658.71,45738
25356489-8f3d-733c-fc6c-423cbb03de0a,1989-10-09,,999-74-6321,S99986540,X12847226X,Mr.,Sherwood961,Nathan164,Renner328,,,D,white,nonhispanic,M,Wendell  Massachusetts  US,451 Moore Track Suite 75,Boston,Massachusetts,Suffolk County,25017,02467,42.42256154062772,-71.01827322404075,83782.89,23365.08,60178
98403fd9-7518-67c2-4f3b-e8359141c355,1954-03-22,,999-75-4408,S99958089,X14265485X,Mrs.,Salley758,Meghan514,Cronin387,,Mann644,D,white,nonhispanic,F,Walpole  Massachusetts  US,867 Armstrong Way Apt 76,Marlborough,Massachusetts,Middlesex County,25017,01752,42.32606783030181,-71.5033791126924,611161.06,254032.23,120402
0169a7e4-ab7f-f341-649f-4cc83e1ccddd,1968-12-24,2022-05-19,999-85-2391,S99923199,X41592503X,Mr.,Ali918,Gregorio366,Bailey598,,,M,white,nonhispanic,M,Whitman  Massachusetts  US,697 Kshlerin Key,Wakefield,Massachusetts,Middlesex County,25017,01880,42.540597024605106,-71.0400171273336,11527.84,307290.48,11267
ad13e5b3-a869-fcef-8900-3d13f12a9b56,2022-08-12,,999-37-3590,,,,José3,Pedro316,Escamilla823,,,,white,hispanic,M,Tegucigalpa  Francisco Morazán  HN,253 Schinner Spur Unit 37,Boston,Massachusetts,Suffolk County,25025,02136,42.34634038378883,-71.11191460415174,14566.98,182.17,939048
063a72ef-ffd9-66a0-ac57-8bab8868629f,1956-01-12,,999-64-7975,S99946077,X55018389X,Mrs.,Camellia58,Majorie11,Rice937,,Quigley282,D,white,nonhispanic,F,Ocean Grove  Massachusetts  US,1005 Doyle Rest Unit 68,New Bedford,Massachusetts,Bristol County,25005,02747,41.58244787392971,-71.01273043539742,19212.13,1319304.78,10100
80a27bdf-819b-ce3d-eece-9a304acef1f2,1956-06-23,,999-31-2473,S99994690,X88736627X,Mrs.,Barbara209,Isabel214,Segovia340,,Noriega353,D,white,hispanic,F,Marigot  Saint Andrew Parish  DM,514 McCullough Loaf Suite 13,Wenham,Massachusetts,Essex County,,00000,42.62906914541535,-70.87606852149813,712191.14,137362.22,59847
50c9d7eb-850f-10e4-7fd3-39c968603ecc,2009-06-23,,999-70-1217,S99970863,,,Tracee120,Regina408,Hamill307,,,,black,nonhispanic,F,Quincy  Massachusetts  US,911 Okuneva Boulevard Apt 52,Westborough,Massachusetts,Worcester County,25027,01581,42.219566645911875,-71.61190720600983,58184.44,7178.74,85024
d311969f-d4f8-20af-3b62-e901a0ba43ca,1976-10-28,,999-26-7154,S99948409,X35124825X,Mr.,Jan231,Darren774,Greenholt190,,,W,black,nonhispanic,M,Barre  Massachusetts  US,439 Huel Pathway,Waltham,Massachusetts,Middlesex County,25017,02452,42.43447952008749,-71.21186653387723,94275.84,0.00,75794
520f2284-bd0d-1207-4db3-d4322237e5e8,2003-08-30,,999-81-5894,S99922182,X80841455X,Mr.,Giovanni385,Adrian111,Volkman526,,,,white,nonhispanic,M,Boston  Massachusetts  US,112 Lueilwitz Vale Unit 28,Somerville,Massachusetts,Middlesex County,25017,02140,42.42455835215803,-71.09408724320193,34581.03,30962.00,72512
a2f9c654-5a00-8c0c-91b7-8e701d828ec9,1992-08-29,,999-21-6034,S99927306,X40708668X,Mr.,Luke971,Armand155,Reichel38,,,M,asian,nonhispanic,M,Macau  Macao Special Administrative Region of the People's Republic of China  CN,1088 Kulas Bay,Hudson,Massachusetts,Middlesex County,25017,01749,42.40299910862671,-71.53130277925884,7127.66,112950.77,14822
4fd41364-a81a-89bb-7043-2b13b5e6d0bc,1970-07-18,,999-29-8753,S99994313,X40237926X,Mrs.,Delores12,Eladia866,Towne435,,Harber290,M,white,nonhispanic,F,Boston  Massachusetts  US,590 Bosco Fork,Belmont,Massachusetts,Middlesex County,25017,02472,42.38302881889681,-71.15074169498091,221937.53,45990.89,119217
c4102d86-703c-d889-db7c-a09aeb4cd4b8,1996-01-25,,999-30-2555,S99929376,X54230043X,Ms.,Salley758,Tangela812,Jacobi462,,,S,white,nonhispanic,F,Billerica  Massachusetts  US,775 Schneider Annex,Taunton,Massachusetts,Bristol County,25005,02767,41.92634062981832,-71.04915092494285,59345.45,152245.57,70683
c387c555-0ac7-790a-9476-47bf6bd8fe48,2005-03-15,,999-83-6825,S99939770,X36873658X,Mr.,Alex454,Dusty207,Heller342,,,,black,nonhispanic,M,Holliston  Massachusetts  US,101 Kshlerin Heights Apt 56,Weston,Massachusetts,Middlesex County,,00000,42.35423002061011,-71.30225900976923,62927.87,8140.99,378001
7514e64d-b349-372d-908b-62d7c6cf06a3,1968-12-24,,999-78-1741,S99967667,X64514790X,Mr.,Dallas143,David908,Reilly981,,,M,white,nonhispanic,M,Milford  Massachusetts  US,603 Roob Wynd Unit 9,Wakefield,Massachusetts,Middlesex County,25017,01880,42.547262353915094,-71.03034499461013,12007.76,168389.00,11267
3d33c196-1ec4-d206-5c25-b4be26aedb93,1974-11-18,,999-51-8047,S99969510,X33983804X,Mrs.,Mary779,Dakota806,Lindgren255,,Fadel536,M,asian,nonhispanic,F,Hudson  Massachusetts  US,726 Hintz Ferry Apt 47,Uxbridge,Massachusetts,Worcester County,,00000,42.09418485680944,-71.64567285736914,210602.55,520329.76,26871
252dfd02-c258-470f-a8ad-3e2cbf078905,1986-06-18,,999-22-8684,S99937838,X1897517X,Mr.,Ezra452,Phillip440,Considine820,,,S,black,nonhispanic,M,Gloucester  Massachusetts  US,554 Bashirian Manor Unit 64,Belmont,Massachusetts,Middlesex County,25017,02472,42.4144293132222,-71.1811121704352,437912.75,261730.44,86831
b7ecc7a6-3090-aad8-e60e-5ca304398d98,1997-02-05,,999-57-8843,S99917838,X19234498X,Mrs.,Lelah386,Alejandra902,Schamberger479,,McGlynn426,M,white,nonhispanic,F,Burlington  Massachusetts  US,844 Ledner Harbor,West Springfield,Massachusetts,Hampden County,25013,01089,42.11478521371037,-72.6934619150504,152001.38,297726.46,96772
658354eb-711c-2ae3-0af5-662bb366ac3d,1963-08-02,1968-04-12,999-44-3034,,,,Delbert384,Geraldo282,Kautzer186,,,,white,nonhispanic,M,Concord  Massachusetts  US,152 McLaughlin Extension Apt 48,Everett,Massachusetts,Middlesex County,25017,02148,42.474168958806075,-71.09360057632246,28213.95,13920.71,56902
a80eb175-5d23-022e-da98-a8ac29ae44cb,1958-11-21,,999-71-8350,S99943117,X50847642X,Mrs.,Racheal820,Madie300,Heaney114,,Zieme486,M,white,nonhispanic,F,North Reading  Massachusetts  US,282 Moore Ville Suite 38,Worcester,Massachusetts,Worcester County,25027,01545,42.29054167373013,-71.82208497754442,613064.81,297203.71,42979
9ce9fa73-274b-ad6d-e334-c580596da7d8,2016-04-06,,999-86-8967,,,,Jordon466,Eddie505,Konopelski743,,,,white,nonhispanic,M,Chicopee  Massachusetts  US,514 Parker Walk,Seekonk,Massachusetts,Bristol County,,00000,41.86548875919441,-71.29194897321297,24419.91,21406.22,47949
fefa7b73-b92e-a89d-7f65-9e0468cd0ab6,2000-09-20,,999-88-5041,S99986886,X25098509X,Ms.,Tricia672,Maegan141,Schimmel440,,,,white,nonhispanic,F,Carlisle  Massachusetts  US,615 Kshlerin Common,Weymouth,Massachusetts,Norfolk County,25021,02189,42.225769029624914,-70.92184012668348,80675.77,322727.39,68681
34f77884-568d-5ae3-27db-1d4b1f925cdb,1986-12-26,,999-41-7369,S99916833,X12726065X,Mr.,Joshua658,Fernando603,Metz686,,,D,white,nonhispanic,M,Marlborough  Massachusetts  US,939 Stamm Frontage road Apt 9,Lowell,Massachusetts,Middlesex County,25017,01854,42.6400228405413,-71.32757946500028,117485.90,35057.81,102327
022876cc-08d2-25e2-6200-dad14a2a9a12,2017-04-14,,999-48-5606,,,,Portia383,Ami949,Fahey393,,,,white,nonhispanic,F,Boston  Massachusetts  US,998 Hamill Flat,Medford,Massachusetts,Middlesex County,25017,02155,42.44288638774434,-71.09210006222838,19429.16,0.00,35376
4961e2dd-7885-f4a5-2cae-121ba4749f01,1998-03-28,,999-18-4705,S99985894,X68773795X,Mr.,Allen322,Len277,Heidenreich818,,,M,white,nonhispanic,M,Grafton  Massachusetts  US,608 O'Connell Rapid,Townsend,Massachusetts,Middlesex County,25017,01469,42.66539797106826,-71.70134852060232,81335.35,0.00,93213
8bd42d85-3325-546f-577a-480719f84e8f,1984-08-30,,999-54-8242,S99944636,X67197279X,Mr.,Luis923,,Greenfelder433,,,M,white,nonhispanic,M,Hatfield  Massachusetts  US,629 Schuppe Rapid Apt 48,New Bedford,Massachusetts,Bristol County,25005,02745,41.6157157951055,-70.87709386372723,8960.10,115467.39,5476
89dbb470-b4dd-4ee8-fa3d-625d8b572b68,1967-11-14,2006-08-01,999-99-8607,S99997748,X53171713X,Mr.,Rico947,Augustus49,Zemlak964,,,D,white,nonhispanic,M,Paxton  Massachusetts  US,903 Hane Overpass,Billerica,Massachusetts,Middlesex County,,00000,42.547894555822765,-71.21658260955566,280266.90,685885.17,55038
cfc5e4d9-99c5-81f1-c4af-77f39b93971e,1955-10-11,2019-05-09,999-43-5561,S99979707,X71749151X,Ms.,Keturah238,Sheron583,Conroy74,,,S,white,nonhispanic,F,Chelmsford  Massachusetts  US,935 Hills Parade Suite 88,Worcester,Massachusetts,Worcester County,25027,01610,42.27429251160195,-71.79283450899896,1052601.83,192851.06,60574
34300c46-9c5d-8573-d793-3c108ca3acef,1988-06-01,,999-20-6701,S99919696,X9865510X,Mrs.,Sarai636,Lyndsey828,Adams676,,Blanda868,M,white,hispanic,F,Worcester  Massachusetts  US,172 Toy Harbor Suite 42,Worcester,Massachusetts,Worcester County,25027,01606,42.2900311244507,-71.82387466345682,169140.97,527993.93,91955
320c2544-2a43-9ee9-1ea5-454aca6d2e44,1951-05-24,,999-23-7661,S99916859,X5379611X,Mr.,Chas63,Hunter736,Brekke496,,,M,white,nonhispanic,M,Westport  Massachusetts  US,164 Walker Annex Apt 60,Hanover,Massachusetts,Plymouth County,,00000,42.16561094605322,-70.82291431793993,85304.69,187606.35,971996
9533ddda-5261-8569-6a88-615955d2da46,1971-06-20,,999-10-3606,S99979180,X51591270X,Mrs.,Tillie335,Han309,Connelly992,,Bahringer146,M,white,nonhispanic,F,Everett  Massachusetts  US,439 Crist Common Unit 49,West Springfield,Massachusetts,Hampden County,25013,01089,42.16739831168662,-72.60986668390741,13323.78,830991.93,16479
750a54aa-727f-58c1-5f0e-6718d57ef2b6,2003-10-09,,999-36-8402,S99921197,X71176912X,Mr.,Florentino8,Garfield38,Jast432,,,,asian,nonhispanic,M,Boston  Massachusetts  US,302 Adams Camp Suite 86,Cambridge,Massachusetts,Middlesex County,25017,02142,42.332838093387146,-71.1170471510407,58097.84,251.95,68193
6ece32d1-d114-f559-6a46-7a8a6687bb58,1957-02-24,,999-75-7775,S99972835,X20124042X,Mr.,Cary869,Juan88,Dare640,,,M,white,nonhispanic,M,Longmeadow  Massachusetts  US,814 Frami Light Apt 63,Burlington,Massachusetts,Middlesex County,25017,01730,42.517556053930356,-71.3022437063538,1173399.36,3058917.40,54291
56323b95-dfa9-4b09-ee77-c1102e8432fa,1959-06-12,2014-08-01,999-46-6266,S99996785,X22492828X,Mrs.,Jerlene697,Porsche32,Zemlak964,,Hammes673,M,white,nonhispanic,F,Chicopee  Massachusetts  US,776 Bartell Parade Unit 21,Framingham,Massachusetts,Middlesex County,25017,01702,42.312136696802916,-71.40815767807949,18222.35,568485.75,17717
5e36cedd-7f30-a453-4c6d-3ce0723d886d,2011-02-14,,999-56-7239,,,,Jonnie215,Michelle423,Wintheiser220,,,,white,hispanic,F,Belchertown  Massachusetts  US,935 Dickens Pathway Unit 31,Wilbraham,Massachusetts,Hampden County,25013,01095,42.10913291790347,-72.38859160917913,25752.46,24459.26,483468
b53656af-ecf5-037c-c0bf-39ed9339fead,1998-03-16,,999-27-9168,S99928431,X27775050X,Mrs.,Guillermina633,Micaela928,Alfaro627,,Sisneros410,M,black,hispanic,F,Roseau  Saint George  DM,893 Prohaska Quay,Boston,Massachusetts,Suffolk County,25025,02114,42.299292867231216,-71.13687993737665,6754.62,210291.20,19529
2a4d4fd7-30ba-a70c-7a4a-f2decf1cc2bc,2025-05-09,,999-36-7592,,,,Shirley182,Cordie578,Reilly981,,,,white,nonhispanic,F,Fall River  Massachusetts  US,245 Volkman Branch Suite 49,Somerset,Massachusetts,Bristol County,25005,02726,41.73846466180168,-71.19454074590949,4149.08,0.00,112321
07e32cff-0008-7694-d857-40eeb06017e4,1967-11-14,,999-88-8056,S99975567,X11645156X,Mr.,Clarence5,Duane703,Bergnaum523,,,D,white,nonhispanic,M,Arlington  Massachusetts  US,490 Ledner Corner,Billerica,Massachusetts,Middlesex County,,00000,42.55408586938871,-71.27317057088247,135617.39,41918.10,55038
e3f649f4-1485-dc2b-b826-394414f8d6af,1973-03-03,,999-77-8686,S99961902,X61397357X,Mr.,Matt836,Hershel911,Abbott774,,,M,white,nonhispanic,M,Boston  Massachusetts  US,343 MacGyver Mall Suite 27,Haverhill,Massachusetts,Essex County,25009,01830,42.74104507004306,-71.04876877845025,168347.25,0.00,40661
0aa9a94a-3224-e57b-5510-f78dc153db7d,2020-02-21,,999-20-5075,,,,Maryanna659,,Ortiz186,,,,asian,nonhispanic,F,Northbridge  Massachusetts  US,1063 Hermann Terrace Suite 75,Brookline,Massachusetts,Norfolk County,25017,02467,42.39125606738109,-71.10874881523726,6847.01,2944.81,188045
8ee34408-e6b3-68c5-0777-55c22ba0ecd5,2019-07-14,,999-59-4343,,,,Ouida808,,Hills818,,,,black,nonhispanic,F,Medford  Massachusetts  US,611 Nienow Glen,Franklin,Massachusetts,Norfolk County,25021,02038,42.072248384755994,-71.417472853862,7951.99,4021.62,172575
0db458ab-22c7-6063-865b-f523b8918e32,2007-12-24,,999-33-7545,S99920211,,Mr.,Hershel911,Alvaro283,Grant908,,,,white,nonhispanic,M,Boston  Massachusetts  US,188 Christiansen Walk Unit 28,New Bedford,Massachusetts,Bristol County,25005,02745,41.650059317183896,-71.00667219719818,3077.32,51685.10,20427
1a428bfb-3dc7-42fd-0da2-fb374e77fa72,1998-08-15,,999-42-1573,S99954781,X38345791X,Mr.,Shelby741,,VonRueden376,,,,white,nonhispanic,M,Springfield  Massachusetts  US,534 Haley Gate Suite 59,Dighton,Massachusetts,Bristol County,,00000,41.813276666909644,-71.10240015500409,17642.47,79740.75,986294
d608e251-4e64-c560-7794-c998e2cc5344,1988-06-07,,999-88-3659,S99971815,X26269751X,Mr.,Korey682,Isiah14,Robel940,,,M,white,nonhispanic,M,Weymouth  Massachusetts  US,412 Hills Common Apt 2,Marblehead,Massachusetts,Essex County,25009,01945,42.48893234007058,-70.81594366810639,130495.35,1879.88,95168
9f860706-9dd2-de2d-9e43-361babfc447f,1966-09-18,,999-66-2816,S99964520,X72481270X,Mr.,Guillermo498,Ian270,Ziemann98,,,M,white,nonhispanic,M,Shrewsbury  Massachusetts  US,359 Littel Parade,Boston,Massachusetts,Suffolk County,25025,02109,42.33395943152413,-71.05126070151915,130603.77,193562.95,34180
c55a7438-10a2-d7ae-3d16-488ce61519f0,2009-09-01,,999-41-2441,S99971708,,,Sierra982,,Bogan287,,,,white,nonhispanic,F,Barnstable  Massachusetts  US,1076 Will Drive Apt 64,Boston,Massachusetts,Suffolk County,25025,02151,42.374287357545015,-71.14381937711224,3573.97,65409.52,2875
78a93b85-3a33-6aaf-2baa-b379a25a357a,2004-05-23,,999-98-8352,S99917260,X60000461X,Ms.,Hong136,,Jerde200,,,,white,nonhispanic,F,Haverhill  Massachusetts  US,707 Borer Route Suite 52,Somerville,Massachusetts,Middlesex County,25017,02145,42.39187978389098,-71.12127699079083,5600.00,95062.13,6571
635d6255-87f7-51eb-4c38-6d676874929d,2005-03-03,,999-98-5449,S99995401,X53808849X,Ms.,Keri25,Lona294,Funk324,,,,black,nonhispanic,F,Monson  Massachusetts  US,861 Klocko Heights Unit 34,Brockton,Massachusetts,Plymouth County,25023,02301,42.08842188936296,-70.98949595699607,79289.70,613144.92,26752
c83c73a8-1df5-5c12-9d53-e70282675d1e,2006-12-04,,999-88-5308,S99910995,,Ms.,Chery887,Cornelia505,Harvey63,,,,white,nonhispanic,F,Adams  Massachusetts  US,814 Brakus Lodge Apt 64,Lynnfield,Massachusetts,Essex County,25009,01940,42.49156093758357,-71.07629950797845,61864.70,279.73,806266
2ef9971c-d5ab-d25a-4e6a-8e81554800f8,1985-02-16,,999-52-4670,S99981760,X47513730X,Mrs.,Lavenia98,Bonny428,Schaefer657,,Hegmann834,M,white,nonhispanic,F,Wellesley  Massachusetts  US,276 Sanford Highlands Apt 45,Boston,Massachusetts,Suffolk County,25025,02127,42.343355570404896,-71.0546404847221,658509.50,138518.08,42655
8a83a60a-fe24-417c-e487-140070241bc0,2005-10-01,,999-17-4677,S99948344,X78798285X,Mr.,Elliott563,Nathaniel596,Leannon79,,,,white,nonhispanic,M,Norton Center  Massachusetts  US,985 Bogisich Tunnel Unit 18,Lynn,Massachusetts,Essex County,25009,01901,42.48536990028537,-70.95321224844099,31894.16,19708.91,85498
e3e46ec2-c480-d6d4-62d2-fc850272a0a6,2002-06-05,,999-72-9676,S99999932,X57457752X,Mr.,Roderick835,,Vandervort697,,,,white,nonhispanic,M,Boston  Massachusetts  US,811 Torphy Quay Unit 32,Lynnfield,Massachusetts,Essex County,25009,01940,42.49510872025917,-71.07025645807,123655.02,628735.19,174634
42999dad-cab9-dcee-8a7c-83a81cc62265,2007-03-24,,999-56-9682,S99999295,,Ms.,Marceline716,Janel230,Homenick806,,,,white,nonhispanic,F,Worcester  Massachusetts  US,349 Thiel Village Apt 32,Boston,Massachusetts,Suffolk County,25025,02121,42.26027395307268,-71.12749610195772,31712.15,30399.51,62510
920147b0-1af7-cfe7-5612-1546df0f6b05,2012-02-02,,999-65-4196,,,,Wyatt967,Landon622,McCullough561,,,,white,nonhispanic,M,Middleborough  Massachusetts  US,364 Ferry Byway,Boston,Massachusetts,Suffolk County,25025,02132,42.35683563017835,-71.09031368216205,46849.05,214261.27,45456
3b6fd73a-291c-024c-fbec-f7172d36d791,2018-10-17,,999-32-1114,,,,Rosalia943,Ramona980,Peña909,,,,white,hispanic,F,Santo Domingo  National District  DO,237 Hintz Branch,Boylston,Massachusetts,Worcester County,,00000,42.313059023936006,-71.67926385416179,13720.82,19297.08,672322
ae965a6c-d8d9-c864-a7bc-fbad6424f96f,1963-08-02,2025-11-04,999-42-7152,S99978472,X86199213X,Mr.,Rudolf736,,Crist667,,,M,white,nonhispanic,M,Belchertown  Massachusetts  US,507 Veum Track,Everett,Massachusetts,Middlesex County,25017,02149,42.45007749262097,-71.0061240663926,171592.14,433437.70,56902
d4c82d1e-4a02-d2a8-2789-f571f4cb3972,1955-10-11,,999-47-2181,S99923851,X54999703X,Mrs.,Latia151,,Metz686,,McCullough561,M,white,nonhispanic,F,Amherst  Massachusetts  US,593 Green Corner Unit 62,Worcester,Massachusetts,Worcester County,25027,01603,42.2753503701414,-71.77014352719156,982970.82,115675.81,60574
9b68a036-dcbd-6eee-d668-bcc142fbbf10,2008-12-31,,999-33-1252,S99918071,,,Tiffaney302,,Keebler762,,,,white,nonhispanic,F,Stoughton  Massachusetts  US,587 Greenholt Parade Unit 53,Fitchburg,Massachusetts,Worcester County,25027,01420,42.58319137164346,-71.85894038204302,62150.28,84228.93,436735
b32f0587-091a-b595-d41c-f0ecb5b3a282,1970-06-17,,999-20-6723,S99972100,X54390800X,Mrs.,Leeanna836,Yael855,Gerlach374,,Treutel973,D,white,nonhispanic,F,Granville  Massachusetts  US,500 Purdy Ranch,East Longmeadow,Massachusetts,Hampden County,,00000,42.0514250557496,-72.49294774509048,1131447.88,506072.25,56684
3fe5e68b-9815-d71f-f845-49dcdc8158b1,1970-08-24,,999-15-7187,S99975805,X16598994X,Mrs.,Ara96,Julianna856,O'Connell601,,Harris789,W,white,nonhispanic,F,Winchester  Massachusetts  US,585 Gislason Fork,Randolph,Massachusetts,Norfolk County,25021,02368,42.16457992746132,-71.10026815580994,489604.99,200033.83,90189
e8d7d58d-8ac2-7cf1-40a3-781f8761768d,1959-06-12,,999-26-4414,S99973809,X82574332X,Mrs.,Karen597,,Welch179,,Monahan736,M,white,nonhispanic,F,Medford  Massachusetts  US,704 Prosacco Union Unit 31,Framingham,Massachusetts,Middlesex County,25017,01701,42.23374187771953,-71.46140475498515,18573.06,775752.94,17717
1cca0dfc-229b-ffbe-86d2-7b1f3e116fd2,1976-01-06,,999-28-4600,S99929876,X87326743X,Ms.,Joi660,,Hintz995,,,S,white,nonhispanic,F,Boston  Massachusetts  US,871 Wisoky Forge,Harvard,Massachusetts,Worcester County,,00000,42.529930151769555,-71.63127937222603,215480.36,556405.01,194872
6fab386e-6c12-94b6-de3e-faab541891d0,1930-10-26,,999-28-4628,S99992262,X62741461X,Ms.,Mitchell808,Clarinda196,Abshire638,,,S,white,nonhispanic,F,Cambridge  Massachusetts  US,522 Rowe Estate,Malden,Massachusetts,Middlesex County,25017,02155,42.43831946107852,-71.04366365884418,336185.67,1065365.46,129793
0ad524f6-e348-6d7a-03cc-09b004e37c6c,1969-07-15,,999-72-1628,S99942655,X68611478X,Mr.,Von197,Numbers230,O'Connell601,,,M,black,nonhispanic,M,Watertown  Massachusetts  US,771 Bradtke Bridge,Andover,Massachusetts,Essex County,25009,01810,42.63288605478149,-71.14254851680819,258544.83,580093.32,135707
e3b7007c-3994-30df-767f-d40f4014ed64,1966-02-01,,999-76-9824,S99987258,X87725807X,Mrs.,Letisha598,Rita460,Hansen121,,Effertz744,D,white,nonhispanic,F,Bliss Corner  Massachusetts  US,230 Runte Approach Unit 11,Orange,Massachusetts,Franklin County,25011,01364,42.595319900320426,-72.26787169867548,19069.81,1345769.58,10327
a11c34d4-5d96-d375-5c51-92d65cb5dcaa,1955-12-23,2018-09-03,999-39-4989,S99916092,X30465560X,Mr.,Willian804,Rick943,Aufderhar910,,,D,white,nonhispanic,M,Chicopee  Massachusetts  US,400 Moen Heights Suite 89,Boston,Massachusetts,Suffolk County,25025,02126,42.31308605655821,-71.06162008856289,95448.06,664738.37,53764
3bae50b1-f2c2-59f9-fed8-a703c18442dd,1963-08-02,2015-09-23,999-19-6140,S99982084,X58543820X,Mr.,Russell422,Antony83,Conn188,,,M,white,nonhispanic,M,Leicester  Massachusetts  US,313 Considine Dale Unit 44,Everett,Massachusetts,Middlesex County,25017,02149,42.38720012832566,-71.07635168854598,130667.07,3746738.17,56902
f46f5ad7-33a9-ab80-ab6a-d4924998274f,1963-08-02,,999-92-1413,S99944669,X27956306X,Mr.,Percy315,Doug189,Brakus656,,,W,white,nonhispanic,M,East Pepperell  Massachusetts  US,893 Champlin Quay,Everett,Massachusetts,Middlesex County,25017,02149,42.392401004838746,-71.04369174181849,87832.80,117507.86,56902
485f438e-7ada-f6a3-9b5e-e1f552fea2f3,1955-12-23,,999-52-1212,S99924881,X77433079X,Mr.,Greg949,Chi716,Conroy74,,,M,white,nonhispanic,M,Lynn  Massachusetts  US,137 Waters Avenue,Boston,Massachusetts,Suffolk County,25025,02118,42.329602511203596,-71.05099240249253,141246.84,81983.43,53764
